email,first name, last name, hometown
clarkkent@packtphplist.com,Clark,Kent, Krypton
loislane@packtphplist.com,Lois,Lane,Metropolis
jimmyolsen@packtphplist.com,Jimmy,Olsen,Metropolis
brucewayne@packtphplist.com,Bruce,Wayne,Gotham City
peterparker@packtphplist.com,Peter,Parker,New York
lanalang@packtphplist.com,Lana,Lang,Smallville
brucebanner@packtphplist.com,Bruce,Banner,Dayton